,index,Address,Lat,Long,Bus_Distance,Bus_Stop,L_Distance,L_Stop
0,0,4812 W. Montrose Ave.,41.960632857185416,-87.74800442442168,0.019282873148796398,Montrose & Cicero,0.36269277213634155,Montrose-O'Hare
1,1,2109 W. 63rd St.,41.7789879,-87.67667990235407,0.04421948190011165,63rd Street & Hoyne,0.8905728055745556,Ashland/63rd
2,2,301 W. Marquette Road,41.7725637689,-87.6324193182,0.17326943711755122,Wentworth & Marquette Rd,0.6497488232005679,63rd-Dan Ryan
3,3,5556 S. Michigan Ave.,41.7929745219,-87.6225685185,0.13888485672119658,Garfield & Michigan,0.4461006810692538,Garfield-South Elevated
4,4,526 N. Troy St.,41.8911727354,-87.7053383382,0.1402759012804978,Kedzie & Ohio,0.5306755910406536,Kedzie-Lake
5,5,727 E. 50th Pl,41.8030397258,-87.60775488520001,0.06513665211934097,51st Street & Evans,0.8092841092241599,51st
6,6,4878 N. Magnolia Ave.,41.9712198343,-87.66124806049999,0.1234137158377962,Broadway & Ainslie,0.33465072848933347,Lawrence
7,7,7020 S. Jeffrey Blvd.,41.7673529546,-87.5764779584,0.05519819656148002,Jeffery & 70th Street,2.9296007746570267,Cottage Grove
8,8,1819 W. Montrose Ave.,41.9610344,-87.675390708441,0.04840480771602529,Montrose Brown Line Station,0.06522986982040209,Montrose-Ravenswood
9,9,216 S. Hoyne Ave.,41.878125590399996,-87.67915412709999,0.07135883240022167,Jackson & Hoyne,0.5327299685917922,Illinois Medical District
10,10,4444 W. Lawrence Ave.,41.9682242321,-87.7397474866,0.012026787000769446,Lawrence & Elston,0.734010469213348,Montrose-O'Hare
11,11,4448 S. State St.,41.813194927800005,-87.6263367998,0.019603225121841206,State & 45th Street,0.5221688912485973,47th-Dan Ryan
12,12,5029 N. Kenmore Ave.,41.97411755,-87.65594816592662,0.12748137672041934,Sheridan & Argyle,0.22462497540778942,Argyle
13,13,1421 N. Artesian Ave.,41.90710283916078,-87.6882560671201,0.1089850024363642,Western & Hirsch,0.6882822130230352,Western/Milwaukee
14,14,1955 N. St. Louis Ave.,41.9172552391,-87.71338923350001,0.09430229308075014,Armitage & Kimball,1.1985889587608598,Logan Square
15,15,3541 W. North Ave.,41.9098923382,-87.7160529794,0.04996568007975668,North Ave & Central Park,1.7616806531152152,Conservatory-Central Park
16,16,1512 N. LaSalle St.,41.9095901427,-87.6332454838,0.054035650397975137,LaSalle & Burton,0.4757996443986059,Sedgwick
17,17,1256 S. Washtenaw Ave.,41.8648427949,-87.6935089238,0.12500958547917093,Roosevelt & Washtenaw,0.821899275791651,California-Douglas
18,18,901 E. 104th St.,41.7055665942,-87.60107403030001,0.15643421200199725,900 E 103rd Street,2.7783872098652327,95th/Dan Ryan
19,19,1222 W. 79th St.,41.7505934139,-87.65472675459999,0.06188933140084316,79th Street & Racine,2.0572795217859836,79th
20,20,649 N. Sawyer Ave.,41.893388822199995,-87.70756502799999,0.09634060676050353,Kedzie & Huron,0.7250315421616591,Kedzie-Lake
21,21,4600 S. Wood St.,41.8102854563,-87.6700222697,0.1486906973998856,47th Street & Wood,1.3594073056347156,Western-Midway
22,22,6800 S. Keating Ave.,41.769475234699996,-87.740486055,0.24489650256054463,Cicero & Marquette Rd,1.3610255107009095,Midway Airport
23,23,1303 S. Fairfield Ave.,41.8644879836,-87.69443508319999,0.10726596503889141,1303 S California,0.7332561033520278,California-Douglas
24,24,2012 W. 17th St.,41.8586566959,-87.6765968934,0.054323197159763484,Damen & 17th Street,0.3297125451187554,Damen
25,25,557 N. Pine Ave.,41.8905193977,-87.7632486365,0.177703233361288,Central & Ohio,0.3827627215991271,Central-Lake
26,26,6057 N. Lincoln Ave.,41.9918656495,-87.7095450826,0.08856150951864379,Lincoln & Kedzie,1.8320238762188013,Kedzie-Ravenswood
27,27,6142 N. California Ave.,41.9934415657,-87.6996454249,0.05545011223872223,California & Granville,2.027904502485626,Francisco
28,28,908 S. Central Park Ave.,41.8696692769,-87.7156724506,0.2363127269605741,Roosevelt & Central Park,0.980697285010578,Pulaski-Congress
29,29,3145 W. Franklin Blvd.,41.8899681469,-87.70572939590001,0.06437022059886317,Kedzie & Franklin,0.420256874000026,Kedzie-Lake
30,30,4130 N. Kenmore Ave.,41.9575824413,-87.6563694357,0.16306844367923362,Sheridan & Buena,0.3631296512699379,Sheridan
31,31,837 E. 47th St.,41.8094408765,-87.6050334227,0.06973768054001254,47th Street & Drexel,0.9705125826438774,47th-South Elevated
32,32,2733 W. Belden Ave.,41.922824344,-87.6967431262,0.03214795336059808,Milwaukee & California,0.0714037448105529,California/Milwaukee
33,33,1100 N. Ashland Ave.,41.9015589973,-87.66759184200001,0.1303768966425821,Division & Ashland (Blue Line),0.20011687470833978,Division/Milwaukee
34,34,3572 W. Palmer St.,41.9211535,-87.71644972801013,0.27301932649859284,Fullerton & Central Park,1.1406155245812728,Logan Square
35,35,3506 S. State St.,41.830782180599996,-87.6267901762,0.03892536445416397,State & 35th Street,0.12487429513048483,35-Bronzeville-IIT
36,36,6400 S. Maryland Ave.,41.7786109444,-87.6047947203,0.07924525192075862,Cottage Grove & 64th Street,0.19102795701690242,Cottage Grove
37,37,2917 N. Central Ave.,41.933648047199995,-87.7661803002,0.04627725779979528,Central & George,2.925368474855483,Jefferson Park
38,38,3750 S. Cottage Grove Ave.,41.8263705668,-87.6082867641,0.031545089880992805,Cottage Grove & 38th Street,1.2270141360827267,Indiana
39,39,1125 E. Bowen Ave.,41.8187118792,-87.5989457091,0.08421779092051622,42nd Place & Lake Park,1.5458400771020535,43rd
40,40,63 E. 104th St.,41.7052697846,-87.6209818377,0.04044259752245978,Michigan & 104th Street,1.4213061621061485,95th/Dan Ryan
41,41,3845 S. State St.,41.8242011421,-87.6262712265,0.04056823011945596,Pershing & State,0.4978498520683161,Indiana
42,42,6045 W. Grand Ave.,41.920791010500004,-87.7774775508,0.04169726963797587,Grand & Meade,2.5493641229953425,Austin-Lake
43,43,10 N. Hamlin Ave.,41.8810923305,-87.7209100899,0.03318250028027308,Madison & Hamlin,0.5673919263245892,Conservatory-Central Park
44,44,1154 N. Campbell St.,41.902878079000004,-87.68963252190001,0.017602120278405665,Division & Campbell,1.0758862869187595,Western/Milwaukee
45,45,3333 W. Maypole Ave.,41.8834651917,-87.7100399091,0.07951711103842173,Homan & Maypole,0.32803513928011796,Kedzie-Lake
46,46,126 S. Central Ave.,41.8784946733,-87.7649480305,0.022988399158100494,Central & Adams,0.664030412510732,Central-Lake
47,47,1808 N. Kedzie Ave.,41.91437960161803,-87.70706422419369,0.23899718703540032,Armitage & Kedzie,1.1643316253465599,Logan Square
48,48,1656 W. 63rd St.,41.779530386,-87.6665265092,0.015246545359568132,63rd Street & Paulina,0.22549803051294362,Ashland/63rd
49,49,642 N. Kedzie Ave.,41.8931766425,-87.70663121850001,0.046403824601171095,Kedzie & Huron,0.6457290895232973,Kedzie-Lake
50,50,541 N. Homan Ave.,41.891480351,-87.7111689514,0.036516777722277995,Homan & Ohio,0.8255458764753882,Conservatory-Central Park
51,51,850 W. Eastwood Ave.,41.9665284532,-87.65171856389999,0.10856707036095373,Wilson & Hazel,0.5736524899073089,Wilson
52,52,5441 S. Michigan Ave.,41.7952753031,-87.6223343775,0.06956680151994875,Garfield & Michigan,0.28433726167724277,Garfield-South Elevated
53,53,2014 S. Racine Ave.,41.8546902787,-87.6564782084,0.1663846945196241,Cermak & Racine,1.1002346929515,18th
54,54,734 W. Sheridan Rd.,41.9528696876,-87.6493401794,0.037970815038801224,Sheridan & Broadway,0.4494174407299909,Sheridan
55,55,188 W. Randolph St.,41.884579663000004,-87.6337568335,0.09756013220060993,Wells & Washington,0.13710885741380993,Washington/Wells
56,56,5327 W. Chicago Ave.,41.8947914314,-87.7592704828,0.09340528807967133,Chicago & Lockwood,0.8243238464447302,Laramie
57,57,6146 S. Kenwood Ave.,41.7828034603,-87.59326131469999,0.10797527888029777,61st Street & Kenwood,1.0442831002905366,Cottage Grove
58,58,3700 S. Dearborn St.,41.8271942191,-87.6278435793,0.10793187664014853,State & 37th Street,0.4460567254503218,35-Bronzeville-IIT
59,59,436 E. 47th St.,41.809520568800004,-87.614824016,0.07518962675991646,47th Street & Vincennes,0.29851823344448863,47th-South Elevated
60,60,5801 N. Pulaski Road,41.985931514200004,-87.72836921,0.014236114641028053,Pulaski & Ardmore,2.2995532493994575,Kimball
61,61,6522 S. Ingleside Ave.,41.7761037074,-87.6023285746,0.2176611263985535,67th Street & Ingleside,0.5351860398579646,Cottage Grove
62,62,2260 E. 99th St.,41.7153982408,-87.5687149518,0.16920718951997174,100th Street & Luella,4.337285497345874,95th/Dan Ryan
63,63,4657 S. Drexel Blvd,41.8097139386,-87.6037533683,0.03773798125988037,47th Street & Drexel,1.0779882444437703,47th-South Elevated
64,64,110 N. Wood St.,41.8835542602,-87.67195336719999,0.153589600679328,Madison & Wood,0.4677619000048481,Ashland-Lake
65,65,1061 E. 41st Place,41.819781287800005,-87.5999252673,0.14653841132373202,42nd Place & Lake Park,1.5520577247821905,43rd
66,66,3607 W. Polk St.,41.8707255523,-87.7159079717,0.21454355567874472,Harrison & Central Park,0.8913049672096947,Pulaski-Congress
67,67,10513 S. Michigan Ave.,41.7030773785,-87.62054467709999,0.03475375548194677,Michigan & 105th Street,1.603272177747226,95th/Dan Ryan
68,68,5839 S. Harlem Ave.,41.785354124899996,-87.80109799549999,0.0522310112808384,Harlem & 59th Street,4.456552591459655,Midway Airport
69,69,1129 S. Sacramento Ave.,41.8673696101,-87.70066622540001,0.07252843003877843,Roosevelt & Sacramento,0.8558633830102054,Kedzie-Homan
70,70,2825 S. Halsted St.,41.8427291512,-87.6462472701,0.06184526483818047,Halsted & 28th Street,0.4190837049675509,Halsted-Midway
71,71,1200 N. Clybourn Ave.,41.9037895847,-87.6398207738,0.008784005800680462,Division & Clybourn,0.4939637108642728,Sedgwick
72,72,4618 N. Western Ave.,41.9654975932,-87.68895433120001,0.05807955307858492,Western & Wilson,0.08332921305446349,Western-Ravenswood
73,73,1812 N. Drake Ave.,41.91364575,-87.7151525,0.24536586539746283,Kimball & Bloomingdale,1.5703836462803566,Logan Square
74,74,3251 E. 92nd St.,41.7282135464,-87.5446927939,0.039908505002398446,Buffalo & 92nd Street,5.9207184088090115,95th/Dan Ryan
75,75,2822 W. Jackson Blvd.,41.8775358858,-87.6970630483,0.06530380472026423,California & Jackson,0.519863407593536,California-Lake
76,76,1311 N. Halsted St.,41.9054382467,-87.64798274340001,0.07611490688112213,Halsted & Evergreen,0.443631262460741,North/Clybourn
77,77,1859 S. Pulaski Ave.,41.8553397217,-87.72471007629998,0.025077450280085147,Pulaski & 19th Street,0.1291439943554508,Pulaski-Douglas
78,78,4642 S. Michigan Ave.,41.809825649000004,-87.62299937680001,0.039480136238546494,47th Street & Michigan,0.33147236908786226,47th-South Elevated
79,79,727 W. Lake St.,41.885564701,-87.6468550832,0.050058158961016376,Halsted & Lake,0.36139705505284214,Clinton-Lake
80,80,601 N. Drake Ave,41.891901620700004,-87.714839929,0.24666673543778472,Homan & Ohio,0.6006660897961098,Conservatory-Central Park
81,81,4801 N. Ravenswood Ave.,41.9689734978,-87.67403032360001,0.01111936048054929,Lawrence & Ravenswood,0.4959623999237692,Damen-Ravenswood
82,82,400 E. 41st St.,41.820349500300004,-87.6165141095,0.033311931960165,King Drive & 41st Street,0.44343014954158666,43rd
83,83,4555 N. Sheridan Road,41.96514705,-87.6543249,0.030451390800357105,Wilson & Sheridan,0.29770093034624384,Wilson
84,84,5432 S. Woodlawn Ave.,41.7969631559,-87.5967353133,0.15772328344122002,Woodlawn & 55th Street,1.6175705915710097,Garfield-South Elevated
85,85,1611 W. Division St.,41.903230501399996,-87.667978248,0.041448108122190776,Division & Ashland (Blue Line),0.11118808618794845,Division/Milwaukee
86,86,2652 W. 12th Pl,41.8657664016,-87.6931618352,0.07205285303913343,Roosevelt & Washtenaw,0.9098313905511987,California-Douglas
87,87,705 S. Independence Ave.,41.872441377600005,-87.71958599450001,0.0717338894791709,Harrison & Independence,0.5180506786892807,Pulaski-Congress
88,88,1801 S. Wabash St.,41.857792921,-87.62546236879999,0.11220702495985507,Michigan & 18th Street,0.3887555420758531,Cermak-McCormick Place
89,89,1106 E. 42nd Pl,41.8181391197,-87.5993626833,0.015728218879840484,42nd Place & Lake Park,1.4773505050613778,43rd
90,90,3500 W. Ohio St.,41.8919294934,-87.7138283059,0.1785912077575631,Homan & Ohio,0.6725991991556611,Conservatory-Central Park
91,91,"1318,1456 N. Rockwell Ave.",41.905457998,-87.6921618816,0.19461455772080286,Division & Rockwell,1.0723875833582697,Western/Milwaukee
92,92,116 E. 43rd St.,41.816662565,-87.6222647175,0.0671224776000372,43rd Street & Michigan,0.23723692632999305,43rd
93,93,614 N. Spaulding Ave.,41.8923700513,-87.7090486845,0.1949617479590444,Homan & Ohio,0.757201625682859,Kedzie-Lake
94,94,6446 S. Kenwood Ave.,41.7774890264,-87.5931497136,0.21710041264034602,63rd Street & Kenwood,1.074499146257591,Cottage Grove
95,95,3541 W. North Ave.,41.9098923382,-87.7160529794,0.04996568007975668,North Ave & Central Park,1.7616806531152152,Conservatory-Central Park
96,96,205 S. Peoria St.,41.879016243932966,-87.64950272500559,0.0837353865483692,Jackson & Peoria,0.25185627143615363,UIC-Halsted
97,97,2800 W. Montrose Ave.,41.9613586525,-87.6985441744,0.03269553988005498,Montrose & California,0.5466661989622423,Francisco
98,98,4339 W. 18th Pl,41.8557715313,-87.73388790000001,0.2643127700361362,16th Street & Kostner,0.1830399936225888,Kostner
99,99,6928 N. Wayne Ave.,42.0075737709,-87.6651711448,0.051597063160627954,Morse & Glenwood (Red Line),0.10559868439856644,Morse
100,100,6002 S. Halsted St.,41.7849944939,-87.64506314489999,0.01820811159679465,Halsted & 60th Street,0.4848597923728477,Halsted/63rd
101,101,2931 N. Harlem Ave.,41.9335002731,-87.8064419298,0.06751039895746942,Harlem & George,3.4543195913142655,Harlem-Lake
102,102,1140 E. 42nd Pl,41.8181350367,-87.598096559,0.10306147683999144,42nd Place & Lake Park,1.564683763021529,43rd
103,103,1355 S. Blue Island Ave.,41.8639940988,-87.6557523872,0.08529056392089558,Racine & 14th Street,1.0791502721108515,Racine
104,104,1050 W. 79th St.,41.7506486193,-87.65092232059999,0.02426558204051901,79th Street & Aberdeen,1.7978329026659652,79th
105,105,2324 W. Irving Park Road,41.9541446663,-87.6869750499,0.06998325404011041,Irving Park & Oakley,0.8579262974374132,Irving Park-Ravenswood
106,106,3300 W. Maypole Ave.,41.8836980221,-87.70890250020001,0.15967421827780015,Homan & Maypole,0.23321457972049303,Kedzie-Lake
107,107,12045 S. Emerald Ave.,41.6746900779,-87.64051484229999,0.12645307672170533,12100 S Halsted,4.413991360670403,95th/Dan Ryan
108,108,3220 W. Division St.,41.9029334898,-87.70762292379999,0.0626741701198938,Division & Kedzie,1.389528929441758,Kedzie-Lake
109,109,1313 S. Fairfiled Ave.,41.864228447399995,-87.694427661,0.12573948631822418,1303 S California,0.7158098145506585,California-Douglas
110,110,5000 S. Indiana Ave.,41.8037545212,-87.6212170565,0.13106073104114274,51st Street & Indiana,0.3029848937146312,51st
111,111,2124 W. 19th St.,41.8559075141,-87.6794329233,0.18840376084098695,18th Street & Hoyne,0.33572243363805115,Damen
112,112,11701 S. State St.,41.681590098600005,-87.6226276337,0.13903616252007112,Michigan & 117th Street,2.9460513501053724,95th/Dan Ryan
113,113,1400 S. Indiana Ave.,41.864026664899995,-87.622620427,0.023788406521356366,Indiana & 14th Street,0.5084645630606417,Roosevelt/Wabash
114,114,6151 S. Michigan Ave.,41.7823319979,-87.6219876398,0.11931341516259977,61st Street & Michigan,0.5981674537176617,King Drive
115,115,4427 S. Indiana Ave.,41.8139709971,-87.6211916565,0.1933343438808379,43rd Street & Indiana,0.32164852429869767,43rd
116,116,5012 N. Winthrop Ave.,41.9737005572,-87.65789193549999,0.1549356652427747,Broadway & Argyle,0.06126021917002333,Argyle
117,117,1128 E. Bowen Ave.,41.8189460276,-87.59897811559999,0.09817833040050061,42nd Place & Lake Park,1.559800616582038,43rd
118,118,4041 W. Roosevelt Road,41.8660400256,-87.72672414370001,0.06988806943924146,Roosevelt & Karlov,0.6191954778736005,Pulaski-Congress
119,119,1630 W. Wilson Ave.,41.96546805,-87.67045482596679,0.27593078109519525,Lawrence & Paulina,0.5831417773949312,Montrose-Ravenswood
120,120,4800 W. George St.,41.9334629306,-87.7467922468,0.017070076080972284,Cicero & George,2.158969000426714,Montrose-O'Hare
121,121,17 W. 36th St.,41.8290621083,-87.62716567780001,0.07437505972037287,State & 36th Street,0.26988800901049503,35-Bronzeville-IIT
122,122,941 W. Belmont Ave.,41.939840875,-87.653103625,0.013234257799632589,Belmont Red/Brown/Purple Line Station,0.02539590023402809,Belmont-North Main
123,123,1600 N. Talman Ave.,41.9103438337,-87.6934713169,0.07546684195925195,North Ave & Washtenaw,0.8249006756787566,Western/Milwaukee
124,124,4143 S. Lake Park Ave.,41.818812885599996,-87.5999659461,0.08233995204346911,42nd Place & Lake Park,1.4822293195812477,43rd
125,125,624 W. 61st St.,41.7835589092,-87.6410928975,0.2875675338390664,Halsted & 61st Street,0.5163200040253685,Halsted/63rd
126,126,6321 S. Cottage Grove Ave.,41.7797573036,-87.60576962549999,0.06563903028230982,Cottage Grove & 63rd Street (Green Line),0.04423646053816697,Cottage Grove
127,127,1714 W. 19th St.,41.8560328733,-87.66936056549999,0.14952291043966,18th Street & Paulina (Pink Line),0.14360901710744542,18th
128,128,1640 W. Division St.,41.903405,-87.66899009843411,0.0897634765580193,Division & Paulina,0.1760411309022601,Division/Milwaukee
129,129,126200 S. Washtenaw Ave.,41.8646833345,-87.6935047653,0.1357564769597559,Roosevelt & Washtenaw,0.8111523843110661,California-Douglas
130,130,1200 E. 78th St.,41.753320860900004,-87.5954564009,0.13625760259905634,79th Street & Woodlawn,2.2580286663365854,79th
131,131,528 N. Troy St.,41.891232279899995,-87.7053401173,0.13603230816045198,Kedzie & Ohio,0.5346729567202403,Kedzie-Lake
132,132,2247 W. Lawrence Ave.,41.9692589,-87.6488705,0.06097184319905296,Marine Drive & Lawrence,0.6741755926301608,Lawrence
133,133,3214 W. 63rd Pl,41.7781448626,-87.7038754099,0.049145237959604064,Kedzie & 63rd Place Terminal,1.8440970317096372,Kedzie-Midway
134,134,460 E. 41st St.,41.8203815435,-87.6143824354,0.1830411691196872,King Drive & 41st Street,0.5891707151713377,Indiana
135,135,1939 W. Lake St.,41.8849038015,-87.6758507682,0.06631552256063174,Damen & Lake,0.6440737912449663,Ashland-Lake
136,136,3836 W. Cermak Road,41.8517027368,-87.72132688030001,0.06230024100189838,Cermak & Springfield,0.3566525239225598,Pulaski-Douglas
137,137,967 W. 19th St.,41.8565672424,-87.6507465232,0.16150908395940464,18th Street & Sangamon,0.8498605205920114,Halsted-Midway
138,138,5701 S. Michigan Ave.,41.7909803898,-87.62222411370001,0.24926054519801824,State & 57th Street,0.5602618102301307,Garfield-South Elevated
139,139,5650 N. Kenmore Ave.,41.985186775500004,-87.656808677,0.12202741840110037,Sheridan & Hollywood,0.25701981959418846,Bryn Mawr
140,140,731 E. 50th Pl,41.803042216,-87.6075885068,0.07682235924028476,51st Street & Evans,0.8209698163451038,51st
141,141,7018 S. Cregier Ave.,41.7673820796,-87.58140538020001,0.1036242181614398,71st Street & Cregier,2.586607736096849,Cottage Grove
142,142,3200 E. 92nd St.,41.728408775700004,-87.546822457,0.09196062043826884,92nd Street & Burley,5.786855589848841,95th/Dan Ryan
143,143,5801 N. Pulaski Road,41.985931514200004,-87.72836921,0.014236114641028053,Pulaski & Ardmore,2.2995532493994575,Kimball
144,144,2031 S. Clark St.,41.854411400100005,-87.6299918764,0.0772841861979316,Clark & Archer,0.15096359914625168,Cermak-Chinatown
145,145,240 W. 107th Place,41.698995638,-87.6295434504,0.5065809597182636,111th Street & Princeton,1.9728262822716147,95th/Dan Ryan
146,146,3600 N. Halsted St.,41.947401735,-87.6496365844,0.02724707787841112,Halsted & Addison,0.27788006680744104,Addison-North Main
147,147,710 W. Grand Ave.,41.891310625500005,-87.6463244631,0.04386246151925377,Grand & Union,0.09516241604113987,Grand/Milwaukee
148,148,8132 S. Racine Ave.,41.7458601099,-87.6537601722,0.07006216972024788,Racine & 82nd Street,2.2928762768229434,79th
149,149,2556 W. Armitage Ave,41.917612,-87.692472,0.017821802599618766,Armitage & Rockwell,0.4541035762506397,Western/Milwaukee
150,150,1527 N. Wicker Park Ave.,41.908768735900004,-87.6768915182,0.06639025164128327,Damen & Le Moyne,0.10519728131691863,Damen/Milwaukee
151,151,15 S. Homan Ave.,41.8804138115,-87.71084272979999,0.044612319639466595,Madison & Homan,0.594745841559211,Kedzie-Lake
152,152,8920 S. Loomis St.,41.731679799999995,-87.65843502610542,0.32712778329657793,87th Street & Loomis,2.586236739930655,87th
153,153,3503 W. Armitage Ave,41.9172092811,-87.713682006,0.09733782027967096,Armitage & Drake,1.2220291093601987,Logan Square
154,154,3118 W. Franklin Blvd.,41.8901994819,-87.70473977540001,0.14886034119806482,Kedzie & Franklin,0.5047469945992277,Kedzie-Lake
155,155,1410 E. 62nd St.,41.7825052194,-87.5909616433,0.16144465875825348,Dorchester & 61st Street,1.1827820908891853,Cottage Grove
156,156,13550 S. Avenue O,41.648457411399995,-87.540123166,0.019753043118748793,13600 S Avenue O (Senior Bldg),10.948142469186351,95th/Dan Ryan
157,157,3515 W. 23rd St.,41.849756884,-87.713204726,0.1254866226012723,Central Park & 23rd Street,0.40901408228830577,Central Park
158,158,1331 S. Independence Blvd.,41.8634109156,-87.7192916814,0.23239141900076563,Roosevelt & Independence,0.9570622181111134,Central Park
159,159,532 N. Trumbull Ave.,41.8912353311,-87.7126750163,0.1345030504404093,Homan & Ohio,0.7043708083154826,Conservatory-Central Park
160,160,30 W. Cermak Road,41.8530133902,-87.628232211,0.11130907883968177,State & Cermak,0.13366106952487086,Cermak-McCormick Place
161,161,847 W. Sunnyside Ave.,41.9635353994,-87.6517961908,0.13137861507855747,Clarendon & Sunnyside,0.46063771540077314,Wilson
162,162,3244 W. 59th St.,41.786328045,-87.705136175,0.051932558598147695,59th Street & Spaulding,1.3034423492402483,Kedzie-Midway
163,163,2021 S. Morgan St.,41.8546147585,-87.65132209219999,0.15897754035965192,Cermak & Morgan,0.7545780095115333,Halsted-Midway
164,164,1333 N. Kingsbury St.,41.9057310023,-87.64964596639999,0.1472068487208958,Halsted & Evergreen,0.37314555809986133,North/Clybourn
165,165,4950 S. Langley Ave.,41.8043553511,-87.6090229601,0.19810297124056434,Cottage Grove & 50th Street,0.8125745969045085,51st
166,166,1723 N. Humboldt Blvd.,41.9128086528,-87.701800063,0.21197238816038466,North Ave & Humboldt,0.97162211278837,California/Milwaukee
167,167,2501 W. Armitage Ave.,41.9174438523,-87.689883619,0.09105475784088242,Milwaukee & Armitage,0.26335179021131694,Western/Milwaukee
168,168,334 N. Menard Ave.,41.886727420700005,-87.7701332901,0.3427934588387842,Austin & Corcoran/South Blvd (Green Line),0.3160591316042087,Austin-Lake
169,169,3543 W. Chicago Ave.,41.8953589753,-87.7155751576,0.04892094691973057,Chicago & Central Park,0.7890372089952564,Conservatory-Central Park
170,170,3640 S. State St.,41.8279253109,-87.62663571709999,0.048517157998895756,State & 37th Street,0.31188110864910074,35-Bronzeville-IIT
171,171,346 E. 53rd St.,41.7985499558,-87.6174566934,0.11133395624161722,King Drive & 53rd Street,0.29345764173080796,Garfield-South Elevated
172,172,3224 W. Ohio St.,41.8919931605,-87.7076070703,0.08747632895858999,Kedzie & Ohio,0.6313610796826652,Kedzie-Lake
173,173,5628 S. Halsted St.,41.7916278176,-87.6452332087,0.06509700052220638,Halsted & 56th Street,0.9556542073738143,Halsted/63rd
174,174,3939 W. North Ave.,41.9097870143,-87.7255819184,0.05860584676009069,North Ave & Pulaski,1.699080444894679,Pulaski-Lake
175,175,4946 N. Sheridan Road,41.9729461221,-87.6550671247,0.0341504145182455,Sheridan & Argyle,0.27472667567226383,Argyle
176,176,1519 W. Warren Blvd.,41.8822718277,-87.6659809767,0.1117880673977652,Madison & Ashland,0.27745925833800417,Ashland-Lake
177,177,4340S. Champlain St.,41.8166019546,-87.6105564793,0.08373761211840076,43rd Street & St. Lawrence,0.5963679969415665,43rd
178,178,4845 S. Western Blvd.,41.8053101773,-87.6836299382,0.04209320781932888,Western Orange Line Station,0.07346733863467705,Western-Midway
179,179,4814 N. Kedzie Ave.,41.9689350644,-87.7086378257,0.027292279321167713,Kedzie & Lawrence,0.21095101892054233,Kedzie-Ravenswood
180,180,1254 S. Fairfiled Ave.,41.8648854853,-87.69474071389999,0.08008325008297845,1303 S California,0.7396135765521791,California-Douglas
181,181,6253 S. Michigan Ave.,41.780403694499995,-87.6218374892,0.041895223159849594,63rd Street & Michigan,0.45433843691770337,King Drive
182,182,"6602,6614 W. Diversey Ave.",41.9310497553,-87.7907721868,0.0172252017186878,6600 W Diversey,3.25747925115237,Oak Park-Lake
183,183,6808 N. Wayne Ave.,42.0057709728,-87.6651110904,0.08854198127727386,Pratt & Glenwood,0.2345080773983483,Morse
184,184,1045 N. Sacramento Blvd.,41.900487230500005,-87.7016066315,0.21431229620087608,Division & Humboldt,1.433472755600772,Kedzie-Lake
185,185,1110 E. Bowen Ave.,41.8187489217,-87.5996033527,0.05282218688377896,42nd Place & Lake Park,1.5028944809813425,43rd
186,186,6230 S. Dorchester Ave.,41.7814311307,-87.5915208532,0.06722146820048351,63rd Street & Dorchester,1.0697578277698114,Cottage Grove
187,187,6134 S. Cottage Grove Ave.,41.7830011908,-87.6061319507,0.06252320340117024,Cottage Grove & 62nd Street,0.20531343754289538,Cottage Grove
188,188,2451 N. Sacramento Ave.,41.926278629,-87.70220923870001,0.024737318440460853,Milwaukee & Sacramento,0.6683957656472075,California/Milwaukee
189,189,8300 S. Cottage Grove Ave.,41.743873821,-87.6051761606,0.012385319119826477,Cottage Grove & 83rd Street,1.8366174116935838,79th
190,190,7430 S. Rockwell St.,41.7581541131,-87.6881061075,0.38423025968274377,Western & Columbus,3.1181901056826122,Ashland/63rd
191,191,1330 E. 53rd St.,41.7995978694,-87.5937610369,0.19967507759923536,Woodlawn & 53rd Street,1.8846119671647246,51st
192,192,1910 S. Albany Ave.,41.8551333961,-87.7030673957,0.17688960743936377,Kedzie & 19th Street,0.232745299055739,Kedzie-Douglas
193,193,15 W. 37th St.,41.8272089226,-87.6272267219,0.06422786235986848,State & 37th Street,0.40235271117004173,35-Bronzeville-IIT
194,194,3462 N. Lincoln Ave.,41.9449587,-87.67265075917544,0.1912137392599675,Addison & Lincoln,0.20873266585254271,Paulina
195,195,1218 S. Washtenaw Ave.,41.8658846962,-87.69353816729999,0.05493366571889169,Roosevelt & Washtenaw,0.8919751955519303,California-Douglas
196,196,5700 N. Sheridan Road,41.9856410954,-87.65538854409999,0.027551218800834932,Sheridan & Hollywood,0.38673195335437927,Bryn Mawr
197,197,1802 N. Sawyer Ave.,41.91395196155502,-87.70866794642309,0.24653738831379712,Armitage & Sawyer,1.1004626991506854,Logan Square
198,198,4131 S. Lake Park Ave.,41.8191492211,-87.6001650373,0.11939147968377313,42nd Place & Lake Park,1.491726625141206,43rd
199,199,504 S. Laramie Ave.,41.873765121,-87.7549712034,0.027053594681578377,Laramie & Congress,0.8273619055331409,Cicero-Congress
200,200,5105 S. Harper Ave.,41.8022605699,-87.5890043476,0.07205645144041455,E Hyde Park & Lake Park,2.05290372286519,51st
201,201,3630 W. 51st St.,41.8007828624,-87.7147366177,0.5092815381605703,47th Street & Archer,0.7340783067852187,Pulaski-Midway
202,202,1955 N. Richmond St.,41.9172562069,-87.7003106605,0.06189245232196186,Armitage & Francisco,0.5607847160686589,California/Milwaukee
203,203,6129 S. Cottage Grove Ave.,41.7831757851,-87.6058435155,0.06590448148018027,61st Street & Cottage Grove,0.19935968108955252,Cottage Grove
204,204,963 W Cullerton St.,41.8551748018,-87.6506275348,0.2358124663180263,929 W Cermak,0.745269633791719,Halsted-Midway
205,205,1038 N. Ashland Ave.,41.9008907949,-87.6675722718,0.09477920563964518,Ashland & Augusta,0.24500222294765595,Division/Milwaukee
206,206,3060 N. Milwaukee Ave.,41.9366673862,-87.7200977199,0.019048109640286272,Milwaukee & Lawndale,0.6368235161607515,Belmont-O'Hare
207,207,10 W. 37th St.,41.8274458746,-87.6269496359,0.03706334700029856,State & 37th Street,0.3667812815701382,35-Bronzeville-IIT
208,208,5801 N. Pulaski Road,41.985931514200004,-87.72836921,0.014236114641028053,Pulaski & Ardmore,2.2995532493994575,Kimball
209,209,1060 E. 41st St.,41.820357887,-87.60043601209999,0.22178261612312442,42nd Place & Lake Park,1.5559002373320738,Indiana
210,210,2822 W. Jackson Blvd.,41.8775358858,-87.6970630483,0.06530380472026423,California & Jackson,0.519863407593536,California-Lake
211,211,3248 W. Division St.,41.902923708,-87.7086160992,0.05083742015837629,Division & Spaulding,1.457579766562887,Kedzie-Lake
212,212,2642 W. 12 th Pl,41.8657711435,-87.6927414311,0.08835418632115762,Roosevelt & Talman,0.9392514937510441,California-Douglas
213,213,6650 W. Belden Ave.,41.9213082228,-87.79209095799999,0.1841556766404466,Grand & Normandy,2.492106235112931,Oak Park-Lake
214,214,1251 S. Sawyer Ave.,41.8648290106,-87.7066936632,0.09315515775839743,Kedzie & 13th Street,0.7135810775143085,Kedzie-Homan
215,215,5038 W. Armitage Ave.,41.916960542,-87.7524724894,0.03252289972248832,Armitage & Leclaire/Grand,2.2359434322257843,Laramie
216,216,6200 S. University Ave.,41.7822309985,-87.598015727,0.12846962699806,61st Street & University,0.6756634125690851,Cottage Grove
217,217,500 W. Englewood Ave.,41.7809093636,-87.637617817,0.08149978792045545,63rd Street & Normal,0.48387393454425764,63rd-Dan Ryan
218,218,2654 W. North Ave.,41.9103544922,-87.6943256397,0.017085272399771156,North Ave & Washtenaw,0.8832822452382374,Western/Milwaukee
219,219,1816 N. St. Louis Ave.,41.9142183771,-87.7135842866,0.1764712934369584,Kimball & Bloomingdale,1.4222374836800442,Logan Square
220,220,825 W. 118th St.,41.679506755,-87.6430113027,0.08540724203739672,Halsted & 118th Street,4.253432365031429,95th/Dan Ryan
221,221,2800 W. Fulton St.,41.8866462303,-87.69655813600001,0.016326411359182204,Fulton & California,0.19034286327534744,California-Lake
222,222,7450 N. Rogers Ave.,42.017149711100004,-87.67317857329999,0.07300386864136214,Rogers & Paulina,0.15221444067741174,Howard
223,223,1749 N. Drake Ave.,41.912963291465395,-87.7149106934147,0.21094131370400362,North Ave & Drake,1.600876761171739,Logan Square
224,224,340 E. 38th St.,41.8257532207,-87.6175174282,0.0413530134814522,King Drive & 38th Street,0.5455318302425554,Indiana
225,225,900 W. Windsor Ave.,41.9645923009,-87.6525054366,0.07986625963916083,Wilson & Hazel,0.38521915990719435,Wilson
226,226,2425 W. Adams St.,41.8784239004,-87.6873683543,0.08030797708129,Western & Adams,0.2740655000930929,Western-Congress
227,227,1822 N. Sawyer Ave.,41.914464949999996,-87.70889194960736,0.20771228442812345,Armitage & Sawyer,1.0804649191100624,Logan Square
228,228,811 W. Agatite Ave.,41.962630019,-87.650430429,0.07474797159742366,Clarendon & Montrose,0.6178007556408744,Wilson
229,229,4500 S. Wabash Ave.,41.8129796596,-87.6247071273,0.10806667131839448,State & 45th Street,0.6200456688086092,47th-Dan Ryan
230,230,927 W. Irving Park Rd.,41.9543981834,-87.6532190636,0.09601416960041434,Irving Park & Sheridan,0.16148273252887863,Sheridan
231,231,1920 N. Milwaukee Ave.,41.91641065,-87.6870825262704,0.019069183089573016,Milwaukee & Western,0.03702732384999479,Western/Milwaukee
232,232,1623 N. Talman Ave.,41.9109720465,-87.6931945157,0.13809381075954263,North Ave & Washtenaw,0.7622737068784659,Western/Milwaukee
233,233,2201 N. Milwaukee Ave.,41.9209037608,-87.6938544995,0.03226604316114958,Milwaukee & Talman,0.28169306643292774,California/Milwaukee
234,234,1750 N. Spaulding Ave.,41.9133256466,-87.7103171384,0.111392312602635,Kimball & Bloomingdale,1.2579277788402579,Logan Square
235,235,847 N. Larrabee St.,41.89811415,-87.64264846721693,0.11449048538925127,Chicago & Larrabee,0.5564918200341168,Chicago/Franklin
236,236,1302 S. Washtenaw Ave.,41.864522074499995,-87.6935005875,0.146626565199594,Roosevelt & Washtenaw,0.800282296071228,California-Douglas
237,237,817 E. 64th St.,41.778493433899996,-87.6050724236,0.06134593839902891,Cottage Grove & 64th Street,0.17994261525720107,Cottage Grove
238,238,4257 S. King Dr.,41.816749643899996,-87.6166489475,0.007279867679028485,King Drive & 43rd Street,0.18498929706144338,43rd
239,239,3916 W. Washington Blvd.,41.8819692864,-87.7239926128,0.12843127635955795,Pulaski & Washington,0.33588627330483406,Pulaski-Lake
240,240,1222 W. Roosevelt Road,41.8670903488,-87.65767338129999,0.07298666552018461,Racine & Roosevelt,0.7319569803916324,Racine
241,241,5751 S. Michigan Ave.,41.7895614137,-87.6221896343,0.26481306527880977,State & 58th Street,0.6560689818690293,Garfield-South Elevated
242,242,5041 S. Princeton Ave.,41.802413118400004,-87.6330525826,0.0508991119604076,51st Street & Princeton,0.6143762695542506,Garfield-Dan Ryan
243,243,8019 S. Halsted St.,41.7482223777,-87.64382569879999,0.049796008600591794,Halsted & 80th Street,1.441941785782197,79th
244,244,850 W. Garfield Blvd.,41.794393695100005,-87.6472446717,0.044450336281798286,Garfield & Peoria,1.183324688053196,Garfield-Dan Ryan
245,245,10450 S. Michigan Ave.,41.7038907515,-87.6207711553,0.03720394755939367,Michigan & 105th Street,1.5313144747058858,95th/Dan Ryan
246,246,3604 S. State St.,41.8290175865,-87.6266629487,0.03650529743997595,State & 36th Street,0.23818006385004084,35-Bronzeville-IIT
247,247,611 E. 50th St.,41.8038990623,-87.6108319018,0.15323478460168474,51st Street & St. Lawrence,0.6558206463049431,51st
248,248,1137 E. Bowen Ave.,41.8188686278,-87.5985152379,0.12485340107976982,42nd Place & Lake Park,1.5864756872613073,43rd
249,249,1317 S. Fairfield Ave.,41.8641246191,-87.6944246698,0.133131395718533,1303 S California,0.7088318872311675,California-Douglas
250,250,2815 N. Natoma Ave.,41.931893349999996,-87.79135142092872,0.11568495666581385,6600 W Diversey,3.275773002684392,Oak Park-Lake
251,251,6411 N. Rockwell Ave.,41.9980221693,-87.6946311267,0.03614250952019802,Devon & Rockwell,2.2373898070765024,Rockwell
252,252,4040 N. Sheridan Road,41.9556850173,-87.6547251281,0.006547870079924679,Sheridan & Cuyler,0.14631197500918916,Sheridan
253,253,6100 S. Prairie Ave.,41.783730556900004,-87.6190897249,0.015267146198445403,61st Street & Prairie,0.49441202543753493,King Drive
254,254,722 E. Bowen Ave.,41.819576474099996,-87.6084834879,0.17443900015991573,Cottage Grove & 41st Street,0.9456557512210054,43rd
255,255,9200 S. Burley Ave.,41.7282198588,-87.54575578229999,0.0268148269985403,92nd Street & Burley,5.847596429609678,95th/Dan Ryan
256,256,3114 W. Franklin Blvd.,41.8902013035,-87.7045868112,0.15957151855901372,Kedzie & Franklin,0.5154581719601765,Kedzie-Lake
257,257,625 W. Division St.,41.9035874398,-87.6443320836,0.05895620635933199,Division & Larrabee,0.8201347761049533,Sedgwick
258,258,4333 S. Michigan Ave.,41.8155503961,-87.6228565224,0.0840818751979981,43rd Street & Michigan,0.327562833778444,43rd
259,259,1062 W. Bryn Mawr Ave.,41.9837729037,-87.6577038394,0.07121007315860765,Bryn Mawr Red Line Station,0.0972346529539692,Bryn Mawr
260,260,1637 W. Washington Blvd.,41.883200571524846,-87.66787318466771,0.1692207705111315,1633 W Madison,0.2098885250919608,Ashland-Lake
261,261,3440 W. Roosevelt Road,41.8664397713,-87.71218086030001,0.06262112139722546,Roosevelt & St. Louis,0.9818304763947169,Kedzie-Homan
262,262,3208 N. Shefield Ave.,41.9402281368,-87.6542634882,0.09382679220049682,Belmont Red/Brown/Purple Line Station,0.09413911206329716,Belmont-North Main
263,263,1646 S. Throop St.,41.8583373045,-87.6590337725,0.04377194100098336,18th Street & Throop,0.7304716975315529,18th
264,264,1450 E. 70th St.,41.7679588345,-87.5891095264,0.13433845131932856,71st Street & Dante,2.01356937997777,Cottage Grove
265,265,2804 E. 77th Place,41.7546866025,-87.5549647165,0.23972533879725974,79th Street & Muskegon,5.154562545537075,79th
266,266,3554 W. Ohio St.,41.8919075104,-87.7159646599,0.26080875883975524,Chicago & Central Park,0.5232422787558448,Conservatory-Central Park
267,267,1664 W. Division St.,41.9034150774,-87.6699714414,0.02255189939861566,Division & Paulina,0.24464742022151428,Division/Milwaukee
268,268,1224 S. Washtenaw Ave.,41.8656817278,-87.69353304280001,0.06862446360015895,Roosevelt & Washtenaw,0.878284397670663,California-Douglas
269,269,30 W. Cermak Road,41.8530133902,-87.628232211,0.11130907883968177,State & Cermak,0.13366106952487086,Cermak-McCormick Place
270,270,2656 W. North Ave.,41.9103537221,-87.694404013,0.01160854911972251,North Ave & Washtenaw,0.8887589685182861,Western/Milwaukee
271,271,4015 N. Narragansett Ave.,41.9534456208,-87.7864337467,0.0445166783192974,Narragansett & Irving Park,2.956914879534864,Jefferson Park
272,272,607 N. Sawyer Ave.,41.8921534052,-87.7075265659,0.07901180571975885,Kedzie & Ohio,0.6368791084423208,Kedzie-Lake
273,273,1113 E. Bowen Ave.,41.8185798091,-87.59938372190001,0.04476805423919927,42nd Place & Lake Park,1.5063903404207366,43rd
274,274,300 E. 26th Street,41.8457959044,-87.62040337469999,0.005409370921236701,26th Street & Prairie,0.9216186306106096,Cermak-McCormick Place
275,275,2815 W. 79th St.,41.7497264566,-87.6932733372,0.06321597151985543,79th Street & California,4.05895623072187,Ashland/63rd
276,276,1260 S. Fairfield Ave.,41.8647290398,-87.69473581950001,0.06977392403778708,1303 S California,0.7291262404304518,California-Douglas
277,277,171 N. Aberdeen St.,41.8850614,-87.654223,0.25738241079935165,Madison & Aberdeen,0.18063938390154136,Morgan
278,278,4752 S. Wabash Ave.,41.8076990345,-87.6245595889,0.12222198111802243,State & 48th Street,0.5012335847958668,47th-South Elevated
279,279,2517 W. Fullerton Ave.,41.9247620985,-87.6906609777,0.04852872823886969,Fullerton & Campbell,0.6263810324103759,California/Milwaukee
280,280,2626 W. 63rd St.,41.7792809902,-87.6896794864,0.08717256172086821,63rd Street & Rockwell,1.8104258633930386,Ashland/63rd
281,281,6253 S. Cottage Grove Ave.,41.780673300000004,-87.60553293866332,0.036214320900461415,Cottage Grove & 63rd Street (Green Line),0.047679629268273516,Cottage Grove
282,282,3220 N. Lincoln Ave.,41.94021815,-87.66943536728022,0.08593430939057782,Ashland & Belmont/Lincoln,0.34181851329707913,Paulina
283,283,1859 S. Pulaski Road,41.8553397217,-87.72471007629998,0.025077450280085147,Pulaski & 19th Street,0.1291439943554508,Pulaski-Douglas
284,284,545 W. Division St.,41.9036090085,-87.6430753954,0.042753739118973046,Division & Larrabee,0.7316793986248883,Sedgwick
285,285,1745 N. Keystone Ave.,41.9129903623,-87.72750390549999,0.0733946133560778,1741 N Pulaski,2.053753633813989,Pulaski-Lake
286,286,5040 N. Kenmore Ave.,41.9744960685,-87.65651102209999,0.16022942371899376,Sheridan & Winona,0.21186880841027006,Argyle
287,287,526 N. St. Louis Ave.,41.8909480951,-87.7138869273,0.2382440228402004,Homan & Ohio,0.6006298359156915,Conservatory-Central Park
288,288,8915 S. Loomis St.,41.7316445313,-87.6579318552,0.29474895068138096,87th Street & Loomis,2.553857907315458,87th
289,289,1712 W. 17th St.,41.858768780300004,-87.66938207870001,0.10170977939927468,18th Street & Paulina (Pink Line),0.07494544252943457,18th
290,290,1757 N. Drake Ave.,41.91304084726968,-87.71491289972354,0.21646085193268336,North Ave & Drake,1.5956625760878154,Logan Square
291,291,3800 S. King Dr.,41.825555997600006,-87.6171784181,0.015503187401503738,King Drive & 38th Street,0.5553434906433239,Indiana
292,292,6214 N. Winthrop Ave.,41.995015457600005,-87.6585160357,0.17259683387930522,Broadway & Granville,0.14099093755463912,Granville
293,293,4130 S. Oakenwald Ave.,41.8193803898,-87.5988793227,0.13507266332009069,42nd Place & Lake Park,1.596694949501628,43rd
294,294,4623 W. Gladys Ave.,41.8758617765,-87.7413139552,0.11841083263884684,Jackson & Kenton,0.5613469142990709,Cicero-Congress
295,295,1220 S. Talman Ave.,41.865843892,-87.6923196475,0.054132565000708156,Roosevelt & Talman,0.9391005706265418,Western-Congress
296,296,4054 N. Kedzie Ave.,41.9555313337,-87.7082078565,0.14160508104107236,Irving Park & Kedzie,0.7748468232614443,Kedzie-Ravenswood
297,297,6450 S. Stony Island Ave.,41.7772869881,-87.5864933515,0.027439779121448283,Stony Island & 65th Street,1.5491004539375042,Cottage Grove
298,298,747 E. 47th St.,41.8094135532,-87.6070855618,0.05541557452041275,Cottage Grove & 47th Street,0.8266137845640458,47th-South Elevated
299,299,2243 S. Central Park Ave.,41.8503913261,-87.71481389899999,0.047154789920492136,Central Park & 23rd Street,0.2537559173688408,Central Park
300,300,1938 W. North Ave.,41.9106266,-87.6766002,0.08812377799979458,Milwaukee & North Ave/Damen,0.11897299774176134,Damen/Milwaukee
301,301,3128 W. Douglas Blvd.,41.8630876114,-87.7042831894,0.11854195279937017,Kedzie & Douglas,0.6990440737755961,Kedzie-Douglas
302,302,13037 S. Daniel Dr.,41.6579312533,-87.6159174009,0.14116482372139957,130th Street & Daniel Drive,5.047591554625964,95th/Dan Ryan
303,303,3138 S. Indiana Ave.,41.8371769457,-87.6220397684,0.07118687732111369,Indiana & 32nd Street,0.6463716695500722,35-Bronzeville-IIT
304,304,1544 W. Glenlake Ave.,41.99270232198197,-87.66877119912978,0.09473811386617684,Clark & Glenlake,0.7287353565535967,Granville
305,305,1313 W. 19th St.,41.8559793927,-87.65939108219999,0.17521765239870035,18th Street & Throop,0.8094571371923508,18th
306,306,2328 N. California Ave.,41.9236568473,-87.69753122569999,0.04477046239841514,California & Milwaukee (Blue Line),0.16324997240599545,California/Milwaukee
307,307,1834 N. Sawyer Ave.,41.91444732267443,-87.70868383581626,0.2111588528436954,Armitage & Sawyer,1.0672832556950795,Logan Square
308,308,7538 S. Kingston Ave.,41.757871272399996,-87.5628598349,0.0844298958402419,75th Street & Kingston,4.528107329097966,Cottage Grove
309,309,5565 W. Quincy Ave.,41.8773374951,-87.7642368505,0.08959148232175096,Central & Jackson,0.7933207999502002,Central-Lake
310,310,6143 S. Indiana Ave.,41.782547068,-87.6203852293,0.09269960723967188,61st Street & Indiana,0.5021634980376007,King Drive
311,311,3053 W. Franklin Blvd.,41.8899923467,-87.7036867659,0.14920303344109698,Sacramento & Franklin Boulevard,0.5632814961600531,Kedzie-Lake
312,312,4727 N. Malden St.,41.967992713,-87.6626324087,0.09383923436128043,Lawrence & Malden,0.3657686298100828,Lawrence
313,313,5947 S. Indiana Ave.,41.7860493567,-87.6204757369,0.05484949776040935,60th Street & Indiana,0.7507850019979373,King Drive
314,314,8200 S. Ellis Ave.,41.7457569581,-87.6003199107,0.3336427622399697,Cottage Grove & 82nd Street,2.042356817453546,79th
315,315,4431 N. Clifton Ave.,41.9626536881,-87.6581928459,0.195397984759245,Broadway & Sunnyside,0.14250156941367892,Wilson
316,316,1501 W. Melrose St.,41.9405311557,-87.6663826053,0.08290890059965364,Belmont & Greenview,0.4189468267770082,Southport
317,317,335 N. Menard Ave.,41.8867327472,-87.7698395847,0.33889464779776407,Central & Corcoran,0.33536710844061873,Central-Lake
318,318,901 W. 63rd Street,41.7795999913,-87.6472689598,0.014575139277118865,63rd Street & Peoria,0.2642026035335988,Halsted/63rd
319,319,2404 W. Cortland St.,41.915869479499996,-87.6876342671,0.016245087519828873,Western & Cortland (Blue Line),0.03860214015833208,Western/Milwaukee
320,320,5822 N. Western Ave.,41.9875222634,-87.6897187055,0.05448914568132466,Western & Ardmore,1.556191447815425,Western-Ravenswood
321,321,6928 N. Wayne Ave.,42.0075737709,-87.6651711448,0.051597063160627954,Morse & Glenwood (Red Line),0.10559868439856644,Morse
322,322,1649 N. Drake Ave.,41.91118291884315,-87.71485665838436,0.0840003041459113,North Ave & Drake,1.72033932253201,Logan Square
323,323,3633 S. State St.,41.8286501893,-87.6263588794,0.010286780680129937,State & 36th Street,0.24256235453013064,35-Bronzeville-IIT
324,324,1911 W. Irving Park Rd.,41.9540720487,-87.67682369309999,0.047311963880343914,Irving Park & Wolcott,0.16047754479711215,Irving Park-Ravenswood
325,325,1401 W. Roosevelt Road,41.866806049000004,-87.66169184209998,0.013221185920394875,Roosevelt & Loomis,0.78306150285473,Racine
326,326,633 E. 50th St.,41.8039101011,-87.6101417643,0.13235540768009174,51st Street & Champlain,0.7043420462652961,51st
327,327,325 E. 55th Place,41.7937697184,-87.6181384856,0.08427487400192035,Garfield Green Line Station,0.11020491904242534,Garfield-South Elevated
328,328,4034 S. State St.,41.8209108342,-87.62652565389999,0.053874386719874684,State & 41st Street,0.41293053399662655,Indiana
329,329,1414 W. 21st St.,41.8543483216,-87.6618752556,0.09949160799902189,Loomis & Cullerton,0.7504224580319345,18th
330,330,300 W. Hill St.,41.9021952433,-87.6359209164,0.11005058687942437,Orleans & Hill,0.3769194681278947,Chicago/Franklin
331,331,701 E. 43rd St.,41.8166660946,-87.6090599647,0.015600012039189438,43rd Street & Langley,0.7043652952619652,43rd
332,332,215 E. 61st St.,41.7837016281,-87.6199427242,0.04342540123959964,61st Street & Indiana,0.5514377040376729,King Drive
333,333,10400 S. Michigan Ave.,41.7053419518,-87.6206450334,0.012141769721924335,Michigan & 104th Street,1.4396190494263266,95th/Dan Ryan
334,334,3612 S. State St.,41.8287362552,-87.62665511790001,0.016495280120739152,State & 36th Street,0.2571062984510604,35-Bronzeville-IIT
335,335,3859 S. Vincennes Ave.,41.823919200700004,-87.6124684434,0.029242176157907807,Pershing & Vincennes,0.7680073944026589,Indiana
336,336,2715 N. Cicero Ave.,41.9301265688,-87.74638853889999,0.03599800608127168,Cicero & Schubert,2.361908650306489,Montrose-O'Hare
337,337,1550 S. Hamlin Ave.,41.8592359223,-87.720240298,0.028520247160497548,16th Street & Hamlin,0.6550139170900053,Pulaski-Douglas
338,338,3228 N. Clark St.,41.9406462133,-87.65140950809999,0.09616889387932588,Clark & Belmont,0.198358200074685,Belmont-North Main
339,339,4420 N. Sheridan Road,41.96243866612965,-87.6548665777742,0.0464847127456352,Sheridan & Montrose,0.3240608790943725,Wilson
340,340,2753 W. Division St.,41.902818751,-87.69652555540002,0.037416170119252,Division & California,1.307226718195622,California-Lake
341,341,1879 N. Milwaukee Ave.,41.915824099999995,-87.68541381100684,0.0783609040728777,Milwaukee & Oakley/Moffat,0.15804578207600742,Western/Milwaukee
342,342,750 S. Homan Ave.,41.8711971734,-87.71084842489999,0.05160610759977829,Homan & Lexington,0.5604137213937775,Kedzie-Homan
343,343,3507 W. North Ave.,41.909906497600005,-87.7146950394,0.012159533360812703,North Ave & St. Louis,1.7974836388398103,Logan Square
344,344,1241 N. Milwaukee Ave.,41.9043420044,-87.667791761,0.05649885207994032,Milwaukee & Ashland/Division (Blue Line),0.15795688494229979,Division/Milwaukee
345,345,3734 W. Cortland St.,41.9155235348,-87.720610728,0.13862145384152882,Armitage & Ridgeway,1.8181503157199075,Logan Square
346,346,3108 W. Franklin Blvd.,41.890204016999995,-87.7043573374,0.17563887971901124,Kedzie & Franklin,0.531525533120174,Kedzie-Lake
347,347,848 E. 65th St.,41.7769092523,-87.603953777,0.13362064664029277,Cottage Grove & 65th Street,0.3669783266972246,Cottage Grove
348,348,4000 W. Diversey Ave.,41.9322709,-87.7278674,0.09170107199904294,Pulaski & Diversey,1.4787222241206366,Belmont-O'Hare
349,349,1626 W. 87th St.,41.7358851523,-87.6641427166,0.0974244932786064,Ashland & 87th Street,2.7613280967246396,87th
350,350,6415 S. Sangamon St.,41.7773933302,-87.6482214016,0.2175960022791884,63rd Street & Peoria,0.40363054649462526,Halsted/63rd
351,351,3755 S. Cottage Grove Ave.,41.826317314,-87.6079454471,0.015757317479912557,Cottage Grove & 38th Street,1.2469481787231758,Indiana
352,352,3215 W. Huron St.,41.8936083276,-87.7072018666,0.05602006420101305,Kedzie & Huron,0.7150905469627276,Kedzie-Lake
353,353,3609 W. Arthington St.,41.8698245594,-87.7159038458,0.25858342523903277,Roosevelt & Central Park,0.9539391881700937,Pulaski-Congress
354,354,6 N. Hamlin Blvd.,41.8809676236,-87.7209069325,0.02433429071993487,Madison & Hamlin,0.575803151724665,Conservatory-Central Park
355,355,50 N. Hoyne Ave.,41.8828067022,-87.6792681084,0.11641589351924041,Madison & Hoyne,0.8645504111123018,Illinois Medical District
356,356,4707 S. Marshfield Ave.,41.8083640191,-87.666033435,0.0915341200797343,47th Street & Ashland,1.5024712126341826,Western-Midway
357,357,2601 N. Harlem Ave.,41.9271648255,-87.80621904430001,0.03114108643878808,Harlem & Wrightwood,3.0004829407945666,Harlem-Lake
358,358,1345 S. Fairfield Ave.,41.8633981467,-87.6944018945,0.15485241763908278,California & 14th Street,0.6601360479111321,California-Douglas
359,359,1818 W. Peterson Ave.,41.9908491577,-87.6759930884,0.05815248295712081,Peterson & Wolcott,1.211477077580662,Thorndale
360,360,5009 N. Sheridan Road,41.9736177254,-87.6547892431,0.03155394056160219,Sheridan & Argyle,0.2702345726894265,Argyle
361,361,4420 S. Michigan Ave.,41.8140608614,-87.6231122243,0.17156288207992532,43rd Street & Michigan,0.44833320649854613,43rd
362,362,459 W. Division St.,41.9036488171,-87.6404632193,0.05551806664139463,Division & Clybourn,0.5481620573847693,Sedgwick
363,363,5700 N. Harlem Ave.,41.9846662832,-87.80707300790002,0.09912718004144382,Harlem & Talcott,0.28820698780748727,Harlem-O'Hare
364,364,5400 N. Northwest Hwy.,41.9783903918,-87.7743995653,0.00620958588229712,Northwest Hwy & Monitor,1.4714370122756861,Jefferson Park
365,365,1120 E. Bowen Ave.,41.8188609893,-87.5992361922,0.07443477932015129,42nd Place & Lake Park,1.5360570655016887,43rd
366,366,11045 S. Wentworth Ave.,41.6930159121,-87.6277673462,0.04183764876147791,111th Street & Wentworth,2.2637169039111456,95th/Dan Ryan
367,367,1667 N. Western Ave.,41.9123177,-87.68689972729987,0.11940444084693524,Western & St. Paul,0.2978632545974364,Western/Milwaukee
368,368,2626 W. 63rd St.,41.7792809902,-87.6896794864,0.08717256172086821,63rd Street & Rockwell,1.8104258633930386,Ashland/63rd
369,369,3230 W. Armitage Ave,41.9174946519,-87.7082658078,0.04527210012144565,Armitage & Sawyer,0.8656205602771024,Logan Square
370,370,927 S. Independence Blvd.,41.86906445,-87.71876478949495,0.2570182108503531,Roosevelt & Lawndale,0.8085614549590616,Pulaski-Congress
371,371,5330 S. Harper Ave.,41.7985717841,-87.5892145402,0.16050751775926245,Lake Park & 54th Street,2.249325161530584,Garfield-South Elevated
372,372,3246 W. 47th St.,41.8082058904,-87.70586473870001,0.04424472923953715,47th Street & Spaulding,0.373787645011538,Kedzie-Midway
373,373,4239 N. Oak Park Ave.,41.9576922115,-87.7975440334,0.06833879908049312,Forest Preserve Avenue & Oak Park,2.489958524417986,Harlem-O'Hare
374,374,945 N. Western Ave.,41.8988951503,-87.68677642520001,0.04559844039833081,Western & Augusta,1.2352361991483407,Western/Milwaukee
375,375,2014 S. Racine Ave.,41.8546902787,-87.6564782084,0.1663846945196241,Cermak & Racine,1.1002346929515,18th
376,376,1858 N. Spaulding Ave.,41.914909871794876,-87.7103288974359,0.14682380383052304,Kimball & Cortland,1.1491131206391345,Logan Square
377,377,4650 W. Van Buren St.,41.875166755,-87.74216783780001,0.1537501308390887,Jackson & Kilpatrick,0.4541627505782202,Cicero-Congress
378,378,6227 S. Cottage Grove Ave.,41.7814080037,-87.6058071228,0.06808227468164034,Cottage Grove & 63rd Street (Green Line),0.07954758304945245,Cottage Grove
379,379,1310 S. Washtenaw Ave.,41.864336042800005,-87.6934956949,0.15916139091863785,Roosevelt & Washtenaw,0.7877474703521842,California-Douglas
380,380,2115 W. 63rd St,41.7791628235,-87.67703119709999,0.05642437211783431,63rd Street & Hoyne,0.9269871081929438,Ashland/63rd
381,381,4655 W. Burteau Ave.,41.956396321599996,-87.74523588950001,0.18650783308023053,Cicero & Berteau,0.4642784180677779,Montrose-O'Hare
382,382,544 W. Oak St.,41.9005252379,-87.64295527530001,0.26446297555848447,Division & Larrabee,0.7445702220633933,Chicago/Franklin
383,383,2700 S. Drake Ave.,41.842476558,-87.713667149,0.2090761052019218,26th Street & Central Park,0.88081296988818,Central Park
384,384,6956 S. Vincennes Ave.,41.7675160252,-87.6271720535,0.04934490764063639,Lafayette & 70th Street,0.15324638861131065,69th
385,385,320 S. Maplewood Ave.,41.8769819546,-87.69022214430001,0.09173201131852977,Jackson & Rockwell,0.22420902515268892,Western-Congress
386,386,180 N. Ada St.,41.88490485,-87.66118308333614,0.29211286413922155,Madison & Loomis,0.4272683359572227,Ashland-Lake
387,387,8440 S. Parnell Ave.,41.740186358,-87.63781991280001,0.11279476823956146,Vincennes & Kerfoot,1.2374335082058507,87th
388,388,4116 S. Oakenwald Ave.,41.8195724964,-87.5992908459,0.11988903459982794,42nd Place & Lake Park,1.5815113207813654,43rd
389,389,3341 W. Ohio St.,41.8917408493,-87.71055923950001,0.060682358841037856,Homan & Ohio,0.8181912532836293,Kedzie-Lake
390,390,505 N. Troy St.,41.8905224214,-87.7050254597,0.15143840103945366,Kedzie & Franklin,0.5073250544406165,Kedzie-Lake
391,391,1032 W. Montrose Ave,41.9618658533,-87.6561074284,0.05831899891897479,Broadway & Montrose,0.2778326636005858,Wilson
392,392,1255 S. Fairfield Ave.,41.864890788800004,-87.69444711,0.1007676421625746,1303 S California,0.7602979686317752,California-Douglas
393,393,5801 S. Michigan Ave.,41.7891520073,-87.62217907620001,0.23721276291772428,State & 58th Street,0.6836692842301147,Garfield-South Elevated
394,394,5011 W. 47th St.,41.8074412435,-87.748566779,0.3762698446018618,Cicero & 47th Street,2.1755165694839294,Midway Airport
395,395,2015 S. Morgan St.,41.854801938899996,-87.6513269744,0.1715925757983257,Cermak & Morgan,0.7678687414325197,Halsted-Midway
396,396,1838 W. Chicago Ave.,41.8960751868,-87.6737358367,0.06956223432055424,Chicago & Wolcott,1.004760994548329,Division/Milwaukee
397,397,400 E. 41st St.,41.820349500300004,-87.6165141095,0.033311931960165,King Drive & 41st Street,0.44343014954158666,43rd
398,398,2639 W. 12th Pl,41.8655536764,-87.6925071703,0.08719206228125245,Roosevelt & Talman,0.9404136177909493,California-Douglas
399,399,6600 S. Greenwood Ave.,41.774931963200004,-87.5998709117,0.13164199027822293,67th Street & Greenwood,0.7863410111774755,Cottage Grove
400,400,"1414,1451 N. Washtenaw Ave.",41.9070850396,-87.6946179242,0.19856005108003102,California & Hirsch,1.1297544525587342,Western/Milwaukee
401,401,2355 E. 67th St.,41.7734357917,-87.567783821,0.020196455960157778,67th Street & Oglesby Terminal,3.110302755416774,Cottage Grove
402,402,803 E. 61st St.,41.7839509995,-87.6058433794,0.012250226880203741,61st Street & Cottage Grove,0.25301393568952907,Cottage Grove
403,403,3525 W. Ohio St.,41.891698706999996,-87.71492194790001,0.25792510488147685,Homan & Ohio,0.580948753874415,Conservatory-Central Park
404,404,2600 S. King Dr.,41.845652911799995,-87.617816391,0.012773157438235217,26th Street & King Drive,1.110532990569837,Cermak-McCormick Place
405,405,223S. Central Ave.,41.8775981392,-87.7646186402,0.06184556932115584,Central & Adams,0.7488643809899884,Central-Lake
406,406,1801 W. Argyle St.,41.9723567701,-87.6749222533,0.2816860182409272,Foster & Ravenswood,0.6683633078444416,Damen-Ravenswood
407,407,1427 W. Cullerton St.,41.8550270973,-87.6623303609,0.08401361631923408,Loomis & Cullerton,0.6719578928313581,18th
408,408,6565 S. Yale Ave.,41.7746676247,-87.6315301982,0.11302594467840664,Wentworth & 66th Street,0.44263489784070487,63rd-Dan Ryan
409,409,3512 W. Fifth Ave.,41.8763846236,-87.7136119356,0.07074371360021701,Jackson & St. Louis,0.6638186970291429,Kedzie-Homan
410,410,1929 N. Drake Ave.,41.91617312872757,-87.71501000373124,0.07932742025315918,Armitage & Drake,1.3856282965339148,Logan Square
411,411,2707 W. 12th St.,41.8664232575,-87.6937538097,0.03258767783912049,Roosevelt & Washtenaw,0.9143211834317015,California-Douglas
412,412,300 E. 61st St.,41.7839382764,-87.61886624430001,0.014571900720292776,61st Street & Prairie,0.49332135731837923,King Drive
413,413,223 E. 41st St.,41.820074554,-87.62042329719999,0.08282996416012907,Indiana & 41st Street,0.19238675201192165,Indiana
414,414,1152 N. Christiana Ave.,41.9025857989,-87.7107605283,0.06253256616108445,Homan & Division,1.5825909505625588,Kedzie-Lake
415,415,1129 S. Sacramento Ave.,41.8673696101,-87.70066622540001,0.07252843003877843,Roosevelt & Sacramento,0.8558633830102054,Kedzie-Homan
416,416,2237 W. Maypole Ave.,41.8838079875,-87.6828170157,0.2659828082404516,Madison & Leavitt,0.9569490632456337,California-Lake
417,417,8425 S. Saginaw Ave.,41.7419591238,-87.5598598952,0.41457854939813504,87th Street & Marquette Avenue,4.946491525684593,87th
418,418,927 W. Wilson Ave.,41.9653393681,-87.65347905700001,0.0756753138800292,Wilson & Sheridan,0.36954167846565156,Wilson
419,419,521 N. St. Louis Ave.,41.8909079269,-87.7135917923,0.22060032028019805,Homan & Ohio,0.6182735384756939,Conservatory-Central Park
420,420,848 W. 103rd St.,41.707009427399996,-87.64478166030001,0.04149779371745126,103rd Street & Peoria,2.4727561808722327,95th/Dan Ryan
421,421,401 E. Bowen Ave.,41.8192285127,-87.6164517753,0.08101509728091685,King Drive & 42nd Street,0.37017133426101057,43rd
422,422,15 E. 112th Place,41.6897637422,-87.62239508489999,0.14038992212120435,Michigan & 113th Street,2.396527589946629,95th/Dan Ryan
423,423,1151 N. Cleveland Ave.,41.902989721,-87.6410428925,0.14124090220105642,Division & Clybourn,0.6338848929444311,Sedgwick
424,424,2030 S. State St.,41.854535033000005,-87.62726773879999,0.06204993075888865,State & Cullerton,0.1581430642295402,Cermak-McCormick Place
425,425,110 E. 60th St.,41.7857009548,-87.6217485015,0.06503383476091358,60th Street & Indiana,0.8147509008372738,King Drive
426,426,1314 W. 15th St.,41.8616698673,-87.659631083,0.11917951315914195,Blue Island & 15th Street,0.9197511566919787,18th
427,427,636 E. 50th St.,41.804133024,-87.60993411959998,0.1351162800840683,51st Street & Champlain,0.7341373241861903,51st
